local_authority_code,local_authority_name,sites_total,sites_matched,sites_missing,coverage_pct,oa_venues_in_la,oa_venues_matched,oa_venues_unmatched
E06000065,North Yorkshire,540,117,423,21.7,271,113,158
E06000066,Somerset,443,142,301,32.1,344,154,190
E08000035,Leeds,437,100,337,22.9,194,107,87
E06000060,Buckinghamshire,417,100,317,24.0,194,102,92
E06000052,Cornwall,394,143,251,36.3,523,184,339
E06000054,Wiltshire,337,73,264,21.7,145,73,72
E06000047,County Durham,309,55,254,17.8,116,55,61
E08000025,Birmingham,305,118,187,38.7,292,147,145
E08000032,Bradford,263,66,197,25.1,140,64,76
E08000034,Kirklees,259,47,212,18.1,96,48,48
E06000059,Dorset,248,66,182,26.6,172,64,108
E06000057,Northumberland,244,51,193,20.9,111,54,57
E06000062,West Northamptonshire,232,80,152,34.5,228,100,128
E08000019,Sheffield,228,66,162,28.9,160,81,79
E06000064,Westmorland and Furness,224,60,164,26.8,170,65,105
E06000051,Shropshire,217,38,179,17.5,77,44,33
E06000063,Cumberland,214,54,160,25.2,192,71,121
E06000050,Cheshire West and Chester,213,50,163,23.5,127,55,72
E06000049,Cheshire East,208,36,172,17.3,73,39,34
E06000011,East Riding of Yorkshire,205,48,157,23.4,157,53,104
E08000003,Manchester,181,74,107,40.9,147,89,58
E08000036,Wakefield,178,24,154,13.5,72,25,47
E06000061,North Northamptonshire,177,61,116,34.5,152,65,87
E06000025,South Gloucestershire,174,34,140,19.5,51,30,21
E06000056,Central Bedfordshire,172,46,126,26.7,104,51,53
E08000017,Doncaster,166,33,133,19.9,76,30,46
E09000003,Barnet,162,38,124,23.5,86,43,43
E06000023,"Bristol, City of",160,52,108,32.5,108,51,57
E08000007,Stockport,157,20,137,12.7,56,18,38
E08000015,Wirral,155,20,135,12.9,64,23,41
E08000012,Liverpool,154,53,101,34.4,114,53,61
E07000244,East Suffolk,154,30,124,19.5,50,31,19
E06000058,"Bournemouth, Christchurch and Poole",150,39,111,26.0,95,42,53
E08000010,Wigan,149,29,120,19.5,71,27,44
E09000006,Bromley,146,38,108,26.0,83,40,43
E08000033,Calderdale,139,26,113,18.7,68,28,40
E06000022,Bath and North East Somerset,139,39,100,28.1,75,41,34
E08000001,Bolton,130,33,97,25.4,66,43,23
E08000018,Rotherham,129,27,102,20.9,60,26,34
E08000014,Sefton,128,21,107,16.4,50,23,27
E08000016,Barnsley,128,17,111,13.3,39,18,21
E06000024,North Somerset,127,28,99,22.0,57,31,26
E07000179,South Oxfordshire,127,38,89,29.9,47,33,14
E08000009,Trafford,126,34,92,27.0,76,34,42
E06000037,West Berkshire,126,27,99,21.4,59,37,22
E06000042,Milton Keynes,121,31,90,25.6,93,36,57
E07000228,Mid Sussex,120,15,105,12.5,28,17,11
E09000008,Croydon,120,28,92,23.3,55,33,22
E09000010,Enfield,119,37,82,31.1,77,37,40
E07000012,South Cambridgeshire,118,21,97,17.8,43,20,23
E07000040,East Devon,118,27,91,22.9,51,25,26
E07000221,Stratford-on-Avon,117,27,90,23.1,62,29,33
E08000029,Solihull,116,32,84,27.6,63,31,32
E09000017,Hillingdon,114,34,80,29.8,85,33,52
E06000019,"Herefordshire, County of",113,25,88,22.1,40,24,16
E07000245,West Suffolk,113,24,89,21.2,46,27,19
E08000027,Dudley,112,29,83,25.9,41,29,12
E08000021,Newcastle upon Tyne,112,43,69,38.4,85,41,44
E07000091,New Forest,111,22,89,19.8,83,19,64
E07000065,Wealden,111,22,89,19.8,42,18,24
E06000055,Bedford,110,34,76,30.9,68,34,34
E06000018,Nottingham,109,35,74,32.1,70,37,33
E06000040,Windsor and Maidenhead,109,28,81,25.7,75,38,37
E08000024,Sunderland,108,27,81,25.0,64,28,36
E09000011,Greenwich,107,51,56,47.7,97,57,40
E06000043,Brighton and Hove,107,36,71,33.6,56,27,29
E06000035,Medway,106,27,79,25.5,33,18,15
E08000004,Oldham,105,21,84,20.0,53,18,35
E09000009,Ealing,104,53,51,51.0,108,59,49
E07000094,Winchester,103,34,69,33.0,85,36,49
E09000027,Richmond upon Thames,103,38,65,36.9,92,52,40
E07000242,East Hertfordshire,103,45,58,43.7,105,48,57
E06000007,Warrington,103,21,82,20.4,39,20,19
E07000099,North Hertfordshire,103,44,59,42.7,96,48,48
E07000045,Teignbridge,102,21,81,20.6,36,17,19
E06000010,"Kingston upon Hull, City of",102,27,75,26.5,80,32,48
E08000026,Coventry,102,31,71,30.4,62,32,30
E07000146,King's Lynn and West Norfolk,102,15,87,14.7,43,16,27
E06000016,Leicester,101,38,63,37.6,82,45,37
E07000177,Cherwell,101,21,80,20.8,33,22,11
E07000227,Horsham,101,19,82,18.8,42,22,20
E06000014,York,100,41,59,41.0,104,46,58
E08000037,Gateshead,99,20,79,20.2,52,22,30
E08000008,Tameside,99,23,76,23.2,48,23,25
E07000110,Maidstone,99,17,82,17.2,41,17,24
E08000006,Salford,99,26,73,26.3,51,26,25
E07000084,Basingstoke and Deane,99,27,72,27.3,72,28,44
E09000028,Southwark,99,48,51,48.5,93,73,20
E09000032,Wandsworth,99,45,54,45.5,92,49,43
E06000030,Swindon,99,29,70,29.3,74,39,35
E07000011,Huntingdonshire,98,31,67,31.6,49,25,24
E07000096,Dacorum,98,45,53,45.9,119,51,68
E07000181,West Oxfordshire,97,16,81,16.5,16,12,4
E07000111,Sevenoaks,97,14,83,14.4,41,15,26
E06000021,Stoke-on-Trent,97,13,84,13.4,31,12,19
E09000018,Hounslow,96,38,58,39.6,68,37,31
E07000149,South Norfolk,96,33,63,34.4,66,38,28
E07000180,Vale of White Horse,96,23,73,24.0,42,24,18
E06000026,Plymouth,96,35,61,36.5,73,37,36
E07000240,St Albans,95,41,54,43.2,133,53,80
E07000216,Waverley,94,24,70,25.5,33,25,8
E07000238,Wychavon,94,31,63,33.0,44,26,18
E07000209,Guildford,93,15,78,16.1,48,22,26
E06000013,North Lincolnshire,93,21,72,22.6,75,25,50
E07000225,Chichester,93,22,71,23.7,68,21,47
E09000026,Redbridge,93,33,60,35.5,51,26,25
E07000130,Charnwood,93,29,64,31.2,83,33,50
E09000024,Merton,92,50,42,54.3,93,54,39
E07000079,Cotswold,92,7,85,7.6,18,6,12
E07000071,Colchester,92,11,81,12.0,38,15,23
E07000067,Braintree,92,11,81,12.0,29,12,17
E07000082,Stroud,91,12,79,13.2,28,11,17
E07000207,Elmbridge,90,11,79,12.2,23,11,12
E07000070,Chelmsford,90,26,64,28.9,46,25,21
E07000093,Test Valley,90,17,73,18.9,48,16,32
E08000030,Walsall,90,29,61,32.2,42,31,11
E08000013,St. Helens,89,15,74,16.9,30,12,18
E07000175,Newark and Sherwood,89,21,68,23.6,45,18,27
E09000033,Westminster,89,55,34,61.8,96,60,36
E07000115,Tonbridge and Malling,88,21,67,23.9,39,19,20
E09000022,Lambeth,88,37,51,42.0,61,35,26
E06000046,Isle of Wight,87,18,69,20.7,51,20,31
E09000005,Brent,87,29,58,33.3,52,26,26
E08000028,Sandwell,86,21,65,24.4,35,26,9
E06000041,Wokingham,86,31,55,36.0,61,35,26
E07000141,South Kesteven,86,19,67,22.1,51,22,29
E07000106,Canterbury,85,21,64,24.7,43,18,25
E08000002,Bury,85,24,61,28.2,54,26,28
E07000137,East Lindsey,85,32,53,37.6,122,35,87
E07000197,Stafford,83,14,69,16.9,35,17,18
E07000085,East Hampshire,83,23,60,27.7,27,17,10
E06000027,Torbay,83,20,63,24.1,33,17,16
E08000022,North Tyneside,83,18,65,21.7,35,19,16
E07000105,Ashford,82,19,63,23.2,38,16,22
E09000025,Newham,82,26,56,31.7,66,35,31
E07000222,Warwick,82,24,58,29.3,71,28,43
E07000116,Tunbridge Wells,81,16,65,19.8,25,12,13
E09000016,Havering,80,20,60,25.0,58,28,30
E06000015,Derby,80,25,55,31.2,60,26,34
E07000143,Breckland,80,22,58,27.5,55,23,32
E09000004,Bexley,80,34,46,42.5,73,36,37
E09000014,Haringey,79,50,29,63.3,75,49,26
E07000113,Swale,79,20,59,25.3,40,22,18
E09000015,Harrow,79,26,53,32.9,56,26,30
E07000211,Reigate and Banstead,78,24,54,30.8,47,23,24
E07000224,Arun,78,16,62,20.5,40,20,20
E07000171,Bassetlaw,78,14,64,17.9,37,17,20
E09000031,Waltham Forest,77,45,32,58.4,75,51,24
E08000031,Wolverhampton,77,8,69,10.4,13,8,5
E06000044,Portsmouth,76,39,37,51.3,76,38,38
E07000044,South Hams,76,14,62,18.4,26,11,15
E08000005,Rochdale,76,10,66,13.2,23,9,14
E09000029,Sutton,76,16,60,21.1,27,15,12
E07000072,Epping Forest,76,17,59,22.4,42,15,27
E06000020,Telford and Wrekin,75,14,61,18.7,21,12,9
E07000139,North Kesteven,75,29,46,38.7,70,35,35
E07000083,Tewkesbury,74,12,62,16.2,34,12,22
E07000178,Oxford,74,31,43,41.9,52,33,19
E07000147,North Norfolk,74,21,53,28.4,46,23,23
E07000037,High Peak,74,14,60,18.9,33,16,17
E07000144,Broadland,74,19,55,25.7,58,22,36
E06000031,Peterborough,73,16,57,21.9,34,17,17
E07000196,South Staffordshire,73,11,62,15.1,26,13,13
E07000203,Mid Suffolk,73,14,59,19.2,23,11,12
E06000045,Southampton,73,24,49,32.9,66,27,39
E07000200,Babergh,73,5,68,6.8,14,7,7
E07000081,Gloucester,73,14,59,19.2,21,10,11
E07000080,Forest of Dean,72,12,60,16.7,24,14,10
E07000077,Uttlesford,72,14,58,19.4,19,12,7
E07000215,Tandridge,71,9,62,12.7,14,8,6
E07000193,East Staffordshire,71,15,56,21.1,32,14,18
E09000030,Tower Hamlets,70,31,39,44.3,73,44,29
E09000021,Kingston upon Thames,70,29,41,41.4,49,29,20
E07000234,Bromsgrove,70,19,51,27.1,33,16,17
E07000176,Rushcliffe,70,18,52,25.7,45,28,17
E09000007,Camden,69,31,38,44.9,58,33,25
E06000004,Stockton-on-Tees,69,19,50,27.5,54,19,35
E07000118,Chorley,69,19,50,27.5,48,20,28
E07000121,Lancaster,69,16,53,23.2,43,18,25
E09000023,Lewisham,68,31,37,45.6,63,38,25
E06000036,Bracknell Forest,68,21,47,30.9,37,23,14
E07000043,North Devon,68,8,60,11.8,19,9,10
E07000008,Cambridge,68,17,51,25.0,34,17,17
E07000039,South Derbyshire,68,7,61,10.3,21,10,11
E07000132,Hinckley and Bosworth,67,16,51,23.9,33,12,21
E07000134,North West Leicestershire,67,14,53,20.9,34,14,20
E07000220,Rugby,67,19,48,28.4,53,17,36
E06000012,North East Lincolnshire,66,22,44,33.3,55,29,26
E07000076,Tendring,66,11,55,16.7,40,9,31
E07000064,Rother,65,9,56,13.8,20,9,11
E07000195,Newcastle-under-Lyme,65,13,52,20.0,23,13,10
E07000032,Amber Valley,65,15,50,23.1,35,20,15
E07000108,Dover,65,6,59,9.2,23,7,16
E07000098,Hertsmere,64,29,35,45.3,69,37,32
E07000035,Derbyshire Dales,64,14,50,21.9,51,19,32
E07000089,Hart,64,12,52,18.8,29,12,17
E07000126,South Ribble,63,22,41,34.9,46,23,23
E06000003,Redcar and Cleveland,63,21,42,33.3,40,20,20
E07000042,Mid Devon,63,16,47,25.4,19,9,10
E08000023,South Tyneside,62,11,51,17.7,13,10,3
E06000033,Southend-on-Sea,62,12,50,19.4,22,9,13
E07000218,North Warwickshire,62,12,50,19.4,17,10,7
E07000063,Lewes,62,2,60,3.2,6,2,4
E09000019,Islington,62,29,33,46.8,49,31,18
E07000066,Basildon,62,16,46,25.8,24,12,12
E07000127,West Lancashire,61,11,50,18.0,30,11,19
E07000086,Eastleigh,61,21,40,34.4,47,28,19
E07000038,North East Derbyshire,61,7,54,11.5,10,7,3
E06000005,Darlington,60,15,45,25.0,23,15,8
E07000041,Exeter,60,12,48,20.0,35,14,21
E06000006,Halton,60,14,46,23.3,41,16,25
E06000008,Blackburn with Darwen,60,23,37,38.3,49,26,23
E07000131,Harborough,60,18,42,30.0,55,22,33
E07000235,Malvern Hills,59,13,46,22.0,36,16,20
E07000129,Blaby,59,19,40,32.2,34,15,19
E07000068,Brentwood,59,8,51,13.6,25,8,17
E07000198,Staffordshire Moorlands,59,8,51,13.6,24,8,16
E07000194,Lichfield,58,13,45,22.4,31,14,17
E07000114,Thanet,58,9,49,15.5,27,9,18
E07000210,Mole Valley,58,21,37,36.2,43,22,21
E07000217,Woking,57,23,34,40.4,41,21,20
E07000123,Preston,57,24,33,42.1,57,25,32
E07000124,Ribble Valley,57,20,37,35.1,36,20,16
E07000241,Welwyn Hatfield,57,27,30,47.4,87,38,49
E06000034,Thurrock,57,8,49,14.0,14,7,7
E07000112,Folkestone and Hythe,56,11,45,19.6,24,10,14
E06000038,Reading,56,18,38,32.1,23,18,5
E07000173,Gedling,56,13,43,23.2,14,9,5
E07000109,Gravesham,55,20,35,36.4,37,19,18
E07000142,West Lindsey,55,13,42,23.6,50,15,35
E07000174,Mansfield,55,8,47,14.5,10,7,3
E07000074,Maldon,54,10,44,18.5,14,9,5
E07000237,Worcester,54,15,39,27.8,23,13,10
E07000046,Torridge,54,12,42,22.2,23,9,14
E07000219,Nuneaton and Bedworth,54,16,38,29.6,23,12,11
E07000107,Dartford,53,10,43,18.9,23,10,13
E07000047,West Devon,53,13,40,24.5,38,10,28
E07000170,Ashfield,53,7,46,13.2,9,6,3
E07000033,Bolsover,52,6,46,11.5,11,6,5
E07000036,Erewash,52,10,42,19.2,22,12,10
E07000120,Hyndburn,52,10,42,19.2,19,10,9
E07000009,East Cambridgeshire,52,17,35,32.7,17,12,5
E07000239,Wyre Forest,51,7,44,13.7,11,8,3
E09000012,Hackney,51,31,20,60.8,53,39,14
E07000078,Cheltenham,50,16,34,32.0,26,16,10
E07000148,Norwich,50,29,21,58.0,98,39,59
E06000002,Middlesbrough,50,17,33,34.0,47,20,27
E06000001,Hartlepool,50,16,34,32.0,15,14,1
E07000087,Fareham,49,19,30,38.8,30,20,10
E07000061,Eastbourne,49,11,38,22.4,22,16,6
E07000010,Fenland,49,9,40,18.4,11,8,3
E06000009,Blackpool,49,8,41,16.3,16,9,7
E07000119,Fylde,49,14,35,28.6,37,16,21
E07000172,Broxtowe,49,10,39,20.4,23,12,11
E07000202,Ipswich,49,19,30,38.8,54,26,28
E06000032,Luton,48,22,26,45.8,45,28,17
E07000128,Wyre,48,17,31,35.4,35,17,18
E09000013,Hammersmith and Fulham,48,18,30,37.5,35,23,12
E07000145,Great Yarmouth,48,11,37,22.9,37,13,24
E07000226,Crawley,47,15,32,31.9,27,14,13
E07000214,Surrey Heath,47,10,37,21.3,14,9,5
E07000212,Runnymede,47,9,38,19.1,19,10,9
E07000102,Three Rivers,47,26,21,55.3,91,33,58
E07000140,South Holland,46,12,34,26.1,28,10,18
E09000002,Barking and Dagenham,46,16,30,34.8,27,13,14
E07000090,Havant,46,9,37,19.6,15,12,3
E06000039,Slough,44,17,27,38.6,36,23,13
E07000213,Spelthorne,44,12,32,27.3,20,12,8
E07000122,Pendle,44,11,33,25.0,24,13,11
E07000138,Lincoln,43,12,31,27.9,48,20,28
E07000034,Chesterfield,43,3,40,7.0,22,3,19
E07000125,Rossendale,42,9,33,21.4,16,8,8
E08000011,Knowsley,42,9,33,21.4,20,11,9
E09000020,Kensington and Chelsea,42,13,29,31.0,13,11,2
E07000229,Worthing,42,9,33,21.4,15,6,9
E07000075,Rochford,41,5,36,12.2,9,4,5
E07000073,Harlow,41,13,28,31.7,32,12,20
E07000103,Watford,41,21,20,51.2,49,27,22
E07000133,Melton,40,12,28,30.0,25,13,12
E07000092,Rushmoor,40,8,32,20.0,21,8,13
E07000208,Epsom and Ewell,39,16,23,41.0,28,19,9
E07000192,Cannock Chase,38,7,31,18.4,23,9,14
E07000236,Redditch,35,8,27,22.9,14,10,4
E07000069,Castle Point,34,5,29,14.7,11,6,5
E07000095,Broxbourne,34,17,17,50.0,49,21,28
E07000243,Stevenage,33,18,15,54.5,47,23,24
E07000117,Burnley,33,8,25,24.2,18,10,8
E07000136,Boston,33,10,23,30.3,16,7,9
E06000017,Rutland,32,8,24,25.0,15,6,9
E07000062,Hastings,30,7,23,23.3,12,8,4
E09000001,City of London,29,12,17,41.4,10,7,3
E07000088,Gosport,28,10,18,35.7,18,8,10
E07000199,Tamworth,27,3,24,11.1,5,2,3
E07000223,Adur,27,10,17,37.0,19,8,11
E07000135,Oadby and Wigston,25,10,15,40.0,17,10,7
E06000053,Isles of Scilly,7,1,6,14.3,1,1,0
